<?xml version="1.0" encoding="utf-8" ?>
<Data>
	<Title>Test</Title>
	<Person>
		<Name>John</Name>
		<Surname>Smith</Surname>
		<Address>
			<Number>200</Number>
			<Street>Austin rd.</Street>
			<City>Dallas</City>
		</Address>
	</Person>
	<Person>
		<Name>Jack</Name>
		<Surname>Fox</Surname>
		<Address>
			<Number>25</Number>
			<Street>Broadway</Street>
			<City>New York</City>
		</Address>
	</Person>
	<Person>
		<Name>Sherlock</Name>
		<Surname>Holmes</Surname>
		<Address>
			<Number>65</Number>
			<Street>Baker str.</Street>
			<City>London</City>
		</Address>
	</Person>
</Data>